Industry,Symbol,Sym,Company Name,Series,ISIN Code,
Financial Services,360ONE,360ONE.NS,360 ONE WAM Ltd.,EQ,INE466L01038,500
Diversified,3MINDIA,3MINDIA.NS,3M India Ltd.,EQ,INE470A01017,500
Capital Goods,ABB,ABB.NS,ABB India Ltd.,EQ,INE117A01022,100
Construction Materials,ACC,ACC.NS,ACC Ltd.,EQ,INE012A01025,500
Power,ACMESOLAR,ACMESOLAR.NS,ACME Solar Holdings Ltd.,EQ,INE622W01025,500
Capital Goods,AIAENG,AIAENG.NS,AIA Engineering Ltd.,EQ,INE212H01026,500
Capital Goods,APLAPOLLO,APLAPOLLO.NS,APL Apollo Tubes Ltd.,EQ,INE702C01027,500
Financial Services,AUBANK,AUBANK.NS,AU Small Finance Bank Ltd.,EQ,INE949L01017,500
Fast Moving Consumer Goods,AWL,AWL.NS,AWL Agri Business Ltd.,EQ,INE699H01024,500
Financial Services,AADHARHFC,AADHARHFC.NS,Aadhar Housing Finance Ltd.,EQ,INE883F01010,500
Chemicals,AARTIIND,AARTIIND.NS,Aarti Industries Ltd.,EQ,INE769A01020,500
Financial Services,AAVAS,AAVAS.NS,Aavas Financiers Ltd.,EQ,INE216P01012,500
Healthcare,ABBOTINDIA,ABBOTINDIA.NS,Abbott India Ltd.,EQ,INE358A01014,500
Capital Goods,ACE,ACE.NS,Action Construction Equipment Ltd.,EQ,INE731H01025,500
Power,ADANIENSOL,ADANIENSOL.NS,Adani Energy Solutions Ltd.,EQ,INE931S01010,100
Metals & Mining,ADANIENT,ADANIENT.NS,Adani Enterprises Ltd.,EQ,INE423A01024,50
Power,ADANIGREEN,ADANIGREEN.NS,Adani Green Energy Ltd.,EQ,INE364U01010,100
Services,ADANIPORTS,ADANIPORTS.NS,Adani Ports and Special Economic Zone Ltd.,EQ,INE742F01042,50
Power,ADANIPOWER,ADANIPOWER.NS,Adani Power Ltd.,EQ,INE814H01011,100
Oil Gas & Consumable Fuels,ATGL,ATGL.NS,Adani Total Gas Ltd.,EQ,INE399L01023,500
Financial Services,ABCAPITAL,ABCAPITAL.NS,Aditya Birla Capital Ltd.,EQ,INE674K01013,500
Consumer Services,ABFRL,ABFRL.NS,Aditya Birla Fashion and Retail Ltd.,EQ,INE647O01011,500
Forest Materials,ABREL,ABREL.NS,Aditya Birla Real Estate Ltd.,EQ,INE055A01016,500
Financial Services,ABSLAMC,ABSLAMC.NS,Aditya Birla Sun Life AMC Ltd.,EQ,INE404A01024,500
Oil Gas & Consumable Fuels,AEGISLOG,AEGISLOG.NS,Aegis Logistics Ltd.,EQ,INE208C01025,500
Construction,AFCONS,AFCONS.NS,Afcons Infrastructure Ltd.,EQ,INE101I01011,500
Information Technology,AFFLE,AFFLE.NS,Affle (India) Ltd.,EQ,INE00WC01027,500
Healthcare,AJANTPHARM,AJANTPHARM.NS,Ajanta Pharmaceuticals Ltd.,EQ,INE031B01049,500
Healthcare,AKUMS,AKUMS.NS,Akums Drugs and Pharmaceuticals Ltd.,EQ,INE09XN01023,500
Healthcare,APLLTD,APLLTD.NS,Alembic Pharmaceuticals Ltd.,EQ,INE901L01018,500
Healthcare,ALIVUS,ALIVUS.NS,Alivus Life Sciences Ltd.,EQ,INE03Q201024,500
Healthcare,ALKEM,ALKEM.NS,Alkem Laboratories Ltd.,EQ,INE540L01014,500
Chemicals,ALKYLAMINE,ALKYLAMINE.NS,Alkyl Amines Chemicals Ltd.,EQ,INE150B01039,500
Textiles,ALOKINDS,ALOKINDS.NS,Alok Industries Ltd.,EQ,INE270A01029,500
Automobile and Auto Components,ARE&M,ARE&M.NS,Amara Raja Energy & Mobility Ltd.,EQ,INE885A01032,500
Consumer Durables,AMBER,AMBER.NS,Amber Enterprises India Ltd.,EQ,INE371P01015,500
Construction Materials,AMBUJACEM,AMBUJACEM.NS,Ambuja Cements Ltd.,EQ,INE079A01024,100
Financial Services,ANANDRATHI,ANANDRATHI.NS,Anand Rathi Wealth Ltd.,EQ,INE463V01026,500
Realty,ANANTRAJ,ANANTRAJ.NS,Anant Raj Ltd.,EQ,INE242C01024,500
Financial Services,ANGELONE,ANGELONE.NS,Angel One Ltd.,EQ,INE732I01013,500
Capital Goods,APARINDS,APARINDS.NS,Apar Industries Ltd.,EQ,INE372A01015,500
Healthcare,APOLLOHOSP,APOLLOHOSP.NS,Apollo Hospitals Enterprise Ltd.,EQ,INE437A01024,50
Automobile and Auto Components,APOLLOTYRE,APOLLOTYRE.NS,Apollo Tyres Ltd.,EQ,INE438A01022,500
Financial Services,APTUS,APTUS.NS,Aptus Value Housing Finance India Ltd.,EQ,INE852O01025,500
Automobile and Auto Components,ASAHIINDIA,ASAHIINDIA.NS,Asahi India Glass Ltd.,EQ,INE439A01020,500
Capital Goods,ASHOKLEY,ASHOKLEY.NS,Ashok Leyland Ltd.,EQ,INE208A01029,500
Consumer Durables,ASIANPAINT,ASIANPAINT.NS,Asian Paints Ltd.,EQ,INE021A01026,50
Healthcare,ASTERDM,ASTERDM.NS,Aster DM Healthcare Ltd.,EQ,INE914M01019,500
Healthcare,ASTRAZEN,ASTRAZEN.NS,AstraZenca Pharma India Ltd.,EQ,INE203A01020,500
Capital Goods,ASTRAL,ASTRAL.NS,Astral Ltd.,EQ,INE006I01046,500
Chemicals,ATUL,ATUL.NS,Atul Ltd.,EQ,INE100A01010,500
Healthcare,AUROPHARMA,AUROPHARMA.NS,Aurobindo Pharma Ltd.,EQ,INE406A01037,500
Financial Services,AIIL,AIIL.NS,Authum Investment & Infrastructure Ltd.,EQ,INE206F01022,500
Consumer Services,DMART,DMART.NS,Avenue Supermarts Ltd.,EQ,INE192R01011,100
Financial Services,AXISBANK,AXISBANK.NS,Axis Bank Ltd.,EQ,INE238A01034,50
Chemicals,BASF,BASF.NS,BASF India Ltd.,EQ,INE373A01013,500
Capital Goods,BEML,BEML.NS,BEML Ltd.,EQ,INE258A01016,500
Consumer Services,BLS,BLS.NS,BLS International Services Ltd.,EQ,INE153T01027,500
Financial Services,BSE,BSE.NS,BSE Ltd.,EQ,INE118H01025,500
Automobile and Auto Components,BAJAJ-AUTO,BAJAJ-AUTO.NS,Bajaj Auto Ltd.,EQ,INE917I01010,50
Financial Services,BAJFINANCE,BAJFINANCE.NS,Bajaj Finance Ltd.,EQ,INE296A01024,50
Financial Services,BAJAJFINSV,BAJAJFINSV.NS,Bajaj Finserv Ltd.,EQ,INE918I01026,50
Financial Services,BAJAJHLDNG,BAJAJHLDNG.NS,Bajaj Holdings & Investment Ltd.,EQ,INE118A01012,100
Financial Services,BAJAJHFL,BAJAJHFL.NS,Bajaj Housing Finance Ltd.,EQ,INE377Y01014,100
Automobile and Auto Components,BALKRISIND,BALKRISIND.NS,Balkrishna Industries Ltd.,EQ,INE787D01026,500
Fast Moving Consumer Goods,BALRAMCHIN,BALRAMCHIN.NS,Balrampur Chini Mills Ltd.,EQ,INE119A01028,500
Financial Services,BANDHANBNK,BANDHANBNK.NS,Bandhan Bank Ltd.,EQ,INE545U01014,500
Financial Services,BANKBARODA,BANKBARODA.NS,Bank of Baroda,EQ,INE028A01039,100
Financial Services,BANKINDIA,BANKINDIA.NS,Bank of India,EQ,INE084A01016,500
Financial Services,MAHABANK,MAHABANK.NS,Bank of Maharashtra,EQ,INE457A01014,500
Consumer Durables,BATAINDIA,BATAINDIA.NS,Bata India Ltd.,EQ,INE176A01028,500
Chemicals,BAYERCROP,BAYERCROP.NS,Bayer Cropscience Ltd.,EQ,INE462A01022,500
Consumer Durables,BERGEPAINT,BERGEPAINT.NS,Berger Paints India Ltd.,EQ,INE463A01038,500
Capital Goods,BDL,BDL.NS,Bharat Dynamics Ltd.,EQ,INE171Z01026,500
Capital Goods,BEL,BEL.NS,Bharat Electronics Ltd.,EQ,INE263A01024,50
Automobile and Auto Components,BHARATFORG,BHARATFORG.NS,Bharat Forge Ltd.,EQ,INE465A01025,500
Capital Goods,BHEL,BHEL.NS,Bharat Heavy Electricals Ltd.,EQ,INE257A01026,500
Oil Gas & Consumable Fuels,BPCL,BPCL.NS,Bharat Petroleum Corporation Ltd.,EQ,INE029A01011,100
Telecommunication,BHARTIARTL,BHARTIARTL.NS,Bharti Airtel Ltd.,EQ,INE397D01024,50
Telecommunication,BHARTIHEXA,BHARTIHEXA.NS,Bharti Hexacom Ltd.,EQ,INE343G01021,500
Fast Moving Consumer Goods,BIKAJI,BIKAJI.NS,Bikaji Foods International Ltd.,EQ,INE00E101023,500
Healthcare,BIOCON,BIOCON.NS,Biocon Ltd.,EQ,INE376G01013,500
Information Technology,BSOFT,BSOFT.NS,Birlasoft Ltd.,EQ,INE836A01035,500
Services,BLUEDART,BLUEDART.NS,Blue Dart Express Ltd.,EQ,INE233B01017,500
Consumer Durables,BLUESTARCO,BLUESTARCO.NS,Blue Star Ltd.,EQ,INE472A01039,500
Fast Moving Consumer Goods,BBTC,BBTC.NS,Bombay Burmah Trading Corporation Ltd.,EQ,INE050A01025,500
Automobile and Auto Components,BOSCHLTD,BOSCHLTD.NS,Bosch Ltd.,EQ,INE323A01026,100
Consumer Services,FIRSTCRY,FIRSTCRY.NS,Brainbees Solutions Ltd.,EQ,INE02RE01045,500
Realty,BRIGADE,BRIGADE.NS,Brigade Enterprises Ltd.,EQ,INE791I01019,500
Fast Moving Consumer Goods,BRITANNIA,BRITANNIA.NS,Britannia Industries Ltd.,EQ,INE216A01030,100
Information Technology,MAPMYINDIA,MAPMYINDIA.NS,C.E. Info Systems Ltd.,EQ,INE0BV301023,500
Fast Moving Consumer Goods,CCL,CCL.NS,CCL Products (I) Ltd.,EQ,INE421D01022,500
Power,CESC,CESC.NS,CESC Ltd.,EQ,INE486A01021,500
Capital Goods,CGPOWER,CGPOWER.NS,CG Power and Industrial Solutions Ltd.,EQ,INE067A01029,100
Financial Services,CRISIL,CRISIL.NS,CRISIL Ltd.,EQ,INE007A01025,500
Consumer Durables,CAMPUS,CAMPUS.NS,Campus Activewear Ltd.,EQ,INE278Y01022,500
Financial Services,CANFINHOME,CANFINHOME.NS,Can Fin Homes Ltd.,EQ,INE477A01020,500
Financial Services,CANBK,CANBK.NS,Canara Bank,EQ,INE476A01022,100
Healthcare,CAPLIPOINT,CAPLIPOINT.NS,Caplin Point Laboratories Ltd.,EQ,INE475E01026,500
Financial Services,CGCL,CGCL.NS,Capri Global Capital Ltd.,EQ,INE180C01042,500
Capital Goods,CARBORUNIV,CARBORUNIV.NS,Carborundum Universal Ltd.,EQ,INE120A01034,500
Oil Gas & Consumable Fuels,CASTROLIND,CASTROLIND.NS,Castrol India Ltd.,EQ,INE172A01027,500
Automobile and Auto Components,CEATLTD,CEATLTD.NS,Ceat Ltd.,EQ,INE482A01020,500
Financial Services,CENTRALBK,CENTRALBK.NS,Central Bank of India,EQ,INE483A01010,500
Financial Services,CDSL,CDSL.NS,Central Depository Services (India) Ltd.,EQ,INE736A01011,500
Consumer Durables,CENTURYPLY,CENTURYPLY.NS,Century Plyboards (India) Ltd.,EQ,INE348B01021,500
Consumer Durables,CERA,CERA.NS,Cera Sanitaryware Ltd,EQ,INE739E01017,500
Consumer Services,CHALET,CHALET.NS,Chalet Hotels Ltd.,EQ,INE427F01016,500
Chemicals,CHAMBLFERT,CHAMBLFERT.NS,Chambal Fertilizers & Chemicals Ltd.,EQ,INE085A01013,500
Oil Gas & Consumable Fuels,CHENNPETRO,CHENNPETRO.NS,Chennai Petroleum Corporation Ltd.,EQ,INE178A01016,500
Financial Services,CHOLAHLDNG,CHOLAHLDNG.NS,Cholamandalam Financial Holdings Ltd.,EQ,INE149A01033,500
Financial Services,CHOLAFIN,CHOLAFIN.NS,Cholamandalam Investment and Finance Company Ltd.,EQ,INE121A01024,100
Healthcare,CIPLA,CIPLA.NS,Cipla Ltd.,EQ,INE059A01026,50
Financial Services,CUB,CUB.NS,City Union Bank Ltd.,EQ,INE491A01021,500
Chemicals,CLEAN,CLEAN.NS,Clean Science and Technology Ltd.,EQ,INE227W01023,500
Oil Gas & Consumable Fuels,COALINDIA,COALINDIA.NS,Coal India Ltd.,EQ,INE522F01014,50
Capital Goods,COCHINSHIP,COCHINSHIP.NS,Cochin Shipyard Ltd.,EQ,INE704P01025,500
Information Technology,COFORGE,COFORGE.NS,Coforge Ltd.,EQ,INE591G01017,500
Fast Moving Consumer Goods,COLPAL,COLPAL.NS,Colgate Palmolive (India) Ltd.,EQ,INE259A01022,500
Financial Services,CAMS,CAMS.NS,Computer Age Management Services Ltd.,EQ,INE596I01012,500
Healthcare,CONCORDBIO,CONCORDBIO.NS,Concord Biotech Ltd.,EQ,INE338H01029,500
Services,CONCOR,CONCOR.NS,Container Corporation of India Ltd.,EQ,INE111A01025,500
Chemicals,COROMANDEL,COROMANDEL.NS,Coromandel International Ltd.,EQ,INE169A01031,500
Automobile and Auto Components,CRAFTSMAN,CRAFTSMAN.NS,Craftsman Automation Ltd.,EQ,INE00LO01017,500
Financial Services,CREDITACC,CREDITACC.NS,CreditAccess Grameen Ltd.,EQ,INE741K01010,500
Consumer Durables,CROMPTON,CROMPTON.NS,Crompton Greaves Consumer Electricals Ltd.,EQ,INE299U01018,500
Capital Goods,CUMMINSIND,CUMMINSIND.NS,Cummins India Ltd.,EQ,INE298A01020,500
Information Technology,CYIENT,CYIENT.NS,Cyient Ltd.,EQ,INE136B01020,500
Diversified,DCMSHRIRAM,DCMSHRIRAM.NS,DCM Shriram Ltd.,EQ,INE499A01024,500
Realty,DLF,DLF.NS,DLF Ltd.,EQ,INE271C01023,100
Fast Moving Consumer Goods,DOMS,DOMS.NS,DOMS Industries Ltd.,EQ,INE321T01012,500
Fast Moving Consumer Goods,DABUR,DABUR.NS,Dabur India Ltd.,EQ,INE016A01026,100
Construction Materials,DALBHARAT,DALBHARAT.NS,Dalmia Bharat Ltd.,EQ,INE00R701025,500
Capital Goods,DATAPATTNS,DATAPATTNS.NS,Data Patterns (India) Ltd.,EQ,INE0IX101010,500
Chemicals,DEEPAKFERT,DEEPAKFERT.NS,Deepak Fertilisers & Petrochemicals Corp. Ltd.,EQ,INE501A01019,500
Chemicals,DEEPAKNTR,DEEPAKNTR.NS,Deepak Nitrite Ltd.,EQ,INE288B01029,500
Services,DELHIVERY,DELHIVERY.NS,Delhivery Ltd.,EQ,INE148O01028,500
Consumer Services,DEVYANI,DEVYANI.NS,Devyani International Ltd.,EQ,INE872J01023,500
Healthcare,DIVISLAB,DIVISLAB.NS,Divi's Laboratories Ltd.,EQ,INE361B01024,100
Consumer Durables,DIXON,DIXON.NS,Dixon Technologies (India) Ltd.,EQ,INE935N01020,500
Healthcare,LALPATHLAB,LALPATHLAB.NS,Dr. Lal Path Labs Ltd.,EQ,INE600L01024,500
Healthcare,DRREDDY,DRREDDY.NS,Dr. Reddy's Laboratories Ltd.,EQ,INE089A01031,50
Capital Goods,DUMMYSIEMS,DUMMYSIEMS.NS,Dummy Siemens Ltd.,EQ,DUM003A01024,100
Fast Moving Consumer Goods,EIDPARRY,EIDPARRY.NS,E.I.D. Parry (India) Ltd.,EQ,INE126A01031,500
Consumer Services,EIHOTEL,EIHOTEL.NS,EIH Ltd.,EQ,INE230A01023,500
Automobile and Auto Components,EICHERMOT,EICHERMOT.NS,Eicher Motors Ltd.,EQ,INE066A01021,50
Capital Goods,ELECON,ELECON.NS,Elecon Engineering Co. Ltd.,EQ,INE205B01031,500
Capital Goods,ELGIEQUIP,ELGIEQUIP.NS,Elgi Equipments Ltd.,EQ,INE285A01027,500
Fast Moving Consumer Goods,EMAMILTD,EMAMILTD.NS,Emami Ltd.,EQ,INE548C01032,500
Healthcare,EMCURE,EMCURE.NS,Emcure Pharmaceuticals Ltd.,EQ,INE168P01015,500
Automobile and Auto Components,ENDURANCE,ENDURANCE.NS,Endurance Technologies Ltd.,EQ,INE913H01037,500
Construction,ENGINERSIN,ENGINERSIN.NS,Engineers India Ltd.,EQ,INE510A01028,500
Healthcare,ERIS,ERIS.NS,Eris Lifesciences Ltd.,EQ,INE406M01024,500
Capital Goods,ESCORTS,ESCORTS.NS,Escorts Kubota Ltd.,EQ,INE042A01014,500
Consumer Services,ETERNAL,ETERNAL.NS,Eternal Ltd.,EQ,INE758T01015,50
Automobile and Auto Components,EXIDEIND,EXIDEIND.NS,Exide Industries Ltd.,EQ,INE302A01020,500
Consumer Services,NYKAA,NYKAA.NS,FSN E-Commerce Ventures Ltd.,EQ,INE388Y01029,500
Financial Services,FEDERALBNK,FEDERALBNK.NS,Federal Bank Ltd.,EQ,INE171A01029,500
Chemicals,FACT,FACT.NS,Fertilisers and Chemicals Travancore Ltd.,EQ,INE188A01015,500
Capital Goods,FINCABLES,FINCABLES.NS,Finolex Cables Ltd.,EQ,INE235A01022,500
Capital Goods,FINPIPE,FINPIPE.NS,Finolex Industries Ltd.,EQ,INE183A01024,500
Services,FSL,FSL.NS,Firstsource Solutions Ltd.,EQ,INE684F01012,500
Financial Services,FIVESTAR,FIVESTAR.NS,Five-Star Business Finance Ltd.,EQ,INE128S01021,500
Healthcare,FORTIS,FORTIS.NS,Fortis Healthcare Ltd.,EQ,INE061F01013,500
Oil Gas & Consumable Fuels,GAIL,GAIL.NS,GAIL (India) Ltd.,EQ,INE129A01019,100
Capital Goods,GVT&D,GVT&D.NS,GE Vernova T&D India Ltd.,EQ,INE200A01026,500
Services,GMRAIRPORT,GMRAIRPORT.NS,GMR Airports Ltd.,EQ,INE776C01039,500
Capital Goods,GRSE,GRSE.NS,Garden Reach Shipbuilders & Engineers Ltd.,EQ,INE382Z01011,500
Financial Services,GICRE,GICRE.NS,General Insurance Corporation of India,EQ,INE481Y01014,500
Fast Moving Consumer Goods,GILLETTE,GILLETTE.NS,Gillette India Ltd.,EQ,INE322A01010,500
Healthcare,GLAND,GLAND.NS,Gland Pharma Ltd.,EQ,INE068V01023,500
Healthcare,GLAXO,GLAXO.NS,Glaxosmithkline Pharmaceuticals Ltd.,EQ,INE159A01016,500
Healthcare,GLENMARK,GLENMARK.NS,Glenmark Pharmaceuticals Ltd.,EQ,INE935A01035,500
Healthcare,MEDANTA,MEDANTA.NS,Global Health Ltd.,EQ,INE474Q01031,500
Financial Services,GODIGIT,GODIGIT.NS,Go Digit General Insurance Ltd.,EQ,INE03JT01014,500
Capital Goods,GPIL,GPIL.NS,Godawari Power & Ispat Ltd.,EQ,INE177H01039,500
Fast Moving Consumer Goods,GODFRYPHLP,GODFRYPHLP.NS,Godfrey Phillips India Ltd.,EQ,INE260B01028,500
Fast Moving Consumer Goods,GODREJAGRO,GODREJAGRO.NS,Godrej Agrovet Ltd.,EQ,INE850D01014,500
Fast Moving Consumer Goods,GODREJCP,GODREJCP.NS,Godrej Consumer Products Ltd.,EQ,INE102D01028,100
Diversified,GODREJIND,GODREJIND.NS,Godrej Industries Ltd.,EQ,INE233A01035,500
Realty,GODREJPROP,GODREJPROP.NS,Godrej Properties Ltd.,EQ,INE484J01027,500
Healthcare,GRANULES,GRANULES.NS,Granules India Ltd.,EQ,INE101D01020,500
Capital Goods,GRAPHITE,GRAPHITE.NS,Graphite India Ltd.,EQ,INE371A01025,500
Construction Materials,GRASIM,GRASIM.NS,Grasim Industries Ltd.,EQ,INE047A01021,50
Metals & Mining,GRAVITA,GRAVITA.NS,Gravita India Ltd.,EQ,INE024L01027,500
Services,GESHIP,GESHIP.NS,Great Eastern Shipping Co. Ltd.,EQ,INE017A01032,500
Chemicals,FLUOROCHEM,FLUOROCHEM.NS,Gujarat Fluorochemicals Ltd.,EQ,INE09N301011,500
Oil Gas & Consumable Fuels,GUJGASLTD,GUJGASLTD.NS,Gujarat Gas Ltd.,EQ,INE844O01030,500
Metals & Mining,GMDCLTD,GMDCLTD.NS,Gujarat Mineral Development Corporation Ltd.,EQ,INE131A01031,500
Chemicals,GNFC,GNFC.NS,Gujarat Narmada Valley Fertilizers and Chemicals Ltd.,EQ,INE113A01013,500
Services,GPPL,GPPL.NS,Gujarat Pipavav Port Ltd.,EQ,INE517F01014,500
Oil Gas & Consumable Fuels,GSPL,GSPL.NS,Gujarat State Petronet Ltd.,EQ,INE246F01010,500
Capital Goods,HEG,HEG.NS,H.E.G. Ltd.,EQ,INE545A01024,500
Capital Goods,HBLENGINE,HBLENGINE.NS,HBL Engineering Ltd.,EQ,INE292B01021,500
Information Technology,HCLTECH,HCLTECH.NS,HCL Technologies Ltd.,EQ,INE860A01027,50
Financial Services,HDFCAMC,HDFCAMC.NS,HDFC Asset Management Company Ltd.,EQ,INE127D01025,500
Financial Services,HDFCBANK,HDFCBANK.NS,HDFC Bank Ltd.,EQ,INE040A01034,50
Financial Services,HDFCLIFE,HDFCLIFE.NS,HDFC Life Insurance Company Ltd.,EQ,INE795G01014,50
Telecommunication,HFCL,HFCL.NS,HFCL Ltd.,EQ,INE548A01028,500
Information Technology,HAPPSTMNDS,HAPPSTMNDS.NS,Happiest Minds Technologies Ltd.,EQ,INE419U01012,500
Consumer Durables,HAVELLS,HAVELLS.NS,Havells India Ltd.,EQ,INE176B01034,100
Automobile and Auto Components,HEROMOTOCO,HEROMOTOCO.NS,Hero MotoCorp Ltd.,EQ,INE158A01026,50
Chemicals,HSCL,HSCL.NS,Himadri Speciality Chemical Ltd.,EQ,INE019C01026,500
Metals & Mining,HINDALCO,HINDALCO.NS,Hindalco Industries Ltd.,EQ,INE038A01020,50
Capital Goods,HAL,HAL.NS,Hindustan Aeronautics Ltd.,EQ,INE066F01020,100
Metals & Mining,HINDCOPPER,HINDCOPPER.NS,Hindustan Copper Ltd.,EQ,INE531E01026,500
Oil Gas & Consumable Fuels,HINDPETRO,HINDPETRO.NS,Hindustan Petroleum Corporation Ltd.,EQ,INE094A01015,500
Fast Moving Consumer Goods,HINDUNILVR,HINDUNILVR.NS,Hindustan Unilever Ltd.,EQ,INE030A01027,50
Metals & Mining,HINDZINC,HINDZINC.NS,Hindustan Zinc Ltd.,EQ,INE267A01025,500
Capital Goods,POWERINDIA,POWERINDIA.NS,Hitachi Energy India Ltd.,EQ,INE07Y701011,500
Financial Services,HOMEFIRST,HOMEFIRST.NS,Home First Finance Company India Ltd.,EQ,INE481N01025,500
Fast Moving Consumer Goods,HONASA,HONASA.NS,Honasa Consumer Ltd.,EQ,INE0J5401028,500
Capital Goods,HONAUT,HONAUT.NS,Honeywell Automation India Ltd.,EQ,INE671A01010,500
Financial Services,HUDCO,HUDCO.NS,Housing & Urban Development Corporation Ltd.,EQ,INE031A01017,500
Automobile and Auto Components,HYUNDAI,HYUNDAI.NS,Hyundai Motor India Ltd.,EQ,INE0V6F01027,100
Financial Services,ICICIBANK,ICICIBANK.NS,ICICI Bank Ltd.,EQ,INE090A01021,50
Financial Services,ICICIGI,ICICIGI.NS,ICICI Lombard General Insurance Company Ltd.,EQ,INE765G01017,100
Financial Services,ICICIPRULI,ICICIPRULI.NS,ICICI Prudential Life Insurance Company Ltd.,EQ,INE726G01019,100
Financial Services,IDBI,IDBI.NS,IDBI Bank Ltd.,EQ,INE008A01015,500
Financial Services,IDFCFIRSTB,IDFCFIRSTB.NS,IDFC First Bank Ltd.,EQ,INE092T01019,500
Financial Services,IFCI,IFCI.NS,IFCI Ltd.,EQ,INE039A01010,500
Financial Services,IIFL,IIFL.NS,IIFL Finance Ltd.,EQ,INE530B01024,500
Capital Goods,INOXINDIA,INOXINDIA.NS,INOX India Ltd.,EQ,INE616N01034,500
Construction,IRB,IRB.NS,IRB Infrastructure Developers Ltd.,EQ,INE821I01022,500
Construction,IRCON,IRCON.NS,IRCON International Ltd.,EQ,INE962Y01021,500
Fast Moving Consumer Goods,ITC,ITC.NS,ITC Ltd.,EQ,INE154A01025,50
Telecommunication,ITI,ITI.NS,ITI Ltd.,EQ,INE248A01017,500
Healthcare,INDGN,INDGN.NS,Indegene Ltd.,EQ,INE065X01017,500
Construction Materials,INDIACEM,INDIACEM.NS,India Cements Ltd.,EQ,INE383A01012,500
Consumer Services,INDIAMART,INDIAMART.NS,Indiamart Intermesh Ltd.,EQ,INE933S01016,500
Financial Services,INDIANB,INDIANB.NS,Indian Bank,EQ,INE562A01011,500
Financial Services,IEX,IEX.NS,Indian Energy Exchange Ltd.,EQ,INE022Q01020,500
Consumer Services,INDHOTEL,INDHOTEL.NS,Indian Hotels Co. Ltd.,EQ,INE053A01029,100
Oil Gas & Consumable Fuels,IOC,IOC.NS,Indian Oil Corporation Ltd.,EQ,INE242A01010,100
Financial Services,IOB,IOB.NS,Indian Overseas Bank,EQ,INE565A01014,500
Consumer Services,IRCTC,IRCTC.NS,Indian Railway Catering And Tourism Corporation Ltd.,EQ,INE335Y01020,500
Financial Services,IRFC,IRFC.NS,Indian Railway Finance Corporation Ltd.,EQ,INE053F01010,100
Financial Services,IREDA,IREDA.NS,Indian Renewable Energy Development Agency Ltd.,EQ,INE202E01016,500
Oil Gas & Consumable Fuels,IGL,IGL.NS,Indraprastha Gas Ltd.,EQ,INE203G01027,500
Telecommunication,INDUSTOWER,INDUSTOWER.NS,Indus Towers Ltd.,EQ,INE121J01017,500
Financial Services,INDUSINDBK,INDUSINDBK.NS,IndusInd Bank Ltd.,EQ,INE095A01012,50
Consumer Services,NAUKRI,NAUKRI.NS,Info Edge (India) Ltd.,EQ,INE663F01024,100
Information Technology,INFY,INFY.NS,Infosys Ltd.,EQ,INE009A01021,50
Capital Goods,INOXWIND,INOXWIND.NS,Inox Wind Ltd.,EQ,INE066P01011,500
Information Technology,INTELLECT,INTELLECT.NS,Intellect Design Arena Ltd.,EQ,INE306R01017,500
Services,INDIGO,INDIGO.NS,InterGlobe Aviation Ltd.,EQ,INE646L01027,100
Services,IGIL,IGIL.NS,International Gemmological Institute (India) Ltd.,EQ,INE0Q9301021,500
Information Technology,IKS,IKS.NS,Inventurus Knowledge Solutions Ltd.,EQ,INE115Q01022,500
Healthcare,IPCALAB,IPCALAB.NS,Ipca Laboratories Ltd.,EQ,INE571A01038,500
Healthcare,JBCHEPHARM,JBCHEPHARM.NS,J.B. Chemicals & Pharmaceuticals Ltd.,EQ,INE572A01036,500
Construction Materials,JKCEMENT,JKCEMENT.NS,J.K. Cement Ltd.,EQ,INE823G01014,500
Automobile and Auto Components,JBMA,JBMA.NS,JBM Auto Ltd.,EQ,INE927D01051,500
Automobile and Auto Components,JKTYRE,JKTYRE.NS,JK Tyre & Industries Ltd.,EQ,INE573A01042,500
Financial Services,JMFINANCIL,JMFINANCIL.NS,JM Financial Ltd.,EQ,INE780C01023,500
Power,JSWENERGY,JSWENERGY.NS,JSW Energy Ltd.,EQ,INE121E01018,100
Financial Services,JSWHL,JSWHL.NS,JSW Holdings Ltd.,BE,INE824G01012,500
Services,JSWINFRA,JSWINFRA.NS,JSW Infrastructure Ltd.,EQ,INE880J01026,500
Metals & Mining,JSWSTEEL,JSWSTEEL.NS,JSW Steel Ltd.,EQ,INE019A01038,50
Power,JPPOWER,JPPOWER.NS,Jaiprakash Power Ventures Ltd.,EQ,INE351F01018,500
Financial Services,J&KBANK,J&KBANK.NS,Jammu & Kashmir Bank Ltd.,EQ,INE168A01041,500
Capital Goods,JINDALSAW,JINDALSAW.NS,Jindal Saw Ltd.,EQ,INE324A01032,500
Metals & Mining,JSL,JSL.NS,Jindal Stainless Ltd.,EQ,INE220G01021,500
Metals & Mining,JINDALSTEL,JINDALSTEL.NS,Jindal Steel & Power Ltd.,EQ,INE749A01030,100
Financial Services,JIOFIN,JIOFIN.NS,Jio Financial Services Ltd.,EQ,INE758E01017,50
Consumer Services,JUBLFOOD,JUBLFOOD.NS,Jubilant Foodworks Ltd.,EQ,INE797F01020,500
Chemicals,JUBLINGREA,JUBLINGREA.NS,Jubilant Ingrevia Ltd.,EQ,INE0BY001018,500
Healthcare,JUBLPHARMA,JUBLPHARMA.NS,Jubilant Pharmova Ltd.,EQ,INE700A01033,500
Capital Goods,JWL,JWL.NS,Jupiter Wagons Ltd.,EQ,INE209L01016,500
Consumer Services,JUSTDIAL,JUSTDIAL.NS,Justdial Ltd.,EQ,INE599M01018,500
Fast Moving Consumer Goods,JYOTHYLAB,JYOTHYLAB.NS,Jyothy Labs Ltd.,EQ,INE668F01031,500
Capital Goods,JYOTICNC,JYOTICNC.NS,Jyoti CNC Automation Ltd.,EQ,INE980O01024,500
Textiles,KPRMILL,KPRMILL.NS,K.P.R. Mill Ltd.,EQ,INE930H01031,500
Capital Goods,KEI,KEI.NS,KEI Industries Ltd.,EQ,INE878B01027,500
Construction,KNRCON,KNRCON.NS,KNR Constructions Ltd.,EQ,INE634I01029,500
Information Technology,KPITTECH,KPITTECH.NS,KPIT Technologies Ltd.,EQ,INE04I401011,500
Consumer Durables,KAJARIACER,KAJARIACER.NS,Kajaria Ceramics Ltd.,EQ,INE217B01036,500
Construction,KPIL,KPIL.NS,Kalpataru Projects International Ltd.,EQ,INE220B01022,500
Consumer Durables,KALYANKJIL,KALYANKJIL.NS,Kalyan Jewellers India Ltd.,EQ,INE303R01014,500
Consumer Durables,KANSAINER,KANSAINER.NS,Kansai Nerolac Paints Ltd.,EQ,INE531A01024,500
Financial Services,KARURVYSYA,KARURVYSYA.NS,Karur Vysya Bank Ltd.,EQ,INE036D01028,500
Capital Goods,KAYNES,KAYNES.NS,Kaynes Technology India Ltd.,EQ,INE918Z01012,500
Construction,KEC,KEC.NS,Kec International Ltd.,EQ,INE389H01022,500
Financial Services,KFINTECH,KFINTECH.NS,Kfin Technologies Ltd.,EQ,INE138Y01010,500
Capital Goods,KIRLOSBROS,KIRLOSBROS.NS,Kirloskar Brothers Ltd.,EQ,INE732A01036,500
Capital Goods,KIRLOSENG,KIRLOSENG.NS,Kirloskar Oil Eng Ltd.,EQ,INE146L01010,500
Financial Services,KOTAKBANK,KOTAKBANK.NS,Kotak Mahindra Bank Ltd.,EQ,INE237A01028,50
Healthcare,KIMS,KIMS.NS,Krishna Institute of Medical Sciences Ltd.,EQ,INE967H01025,500
Financial Services,LTF,LTF.NS,L&T Finance Ltd.,EQ,INE498L01015,500
Information Technology,LTTS,LTTS.NS,L&T Technology Services Ltd.,EQ,INE010V01017,500
Financial Services,LICHSGFIN,LICHSGFIN.NS,LIC Housing Finance Ltd.,EQ,INE115A01026,500
Fast Moving Consumer Goods,LTFOODS,LTFOODS.NS,LT Foods Ltd.,EQ,INE818H01020,500
Information Technology,LTIM,LTIM.NS,LTIMindtree Ltd.,EQ,INE214T01019,100
Construction,LT,LT.NS,Larsen & Toubro Ltd.,EQ,INE018A01030,50
Information Technology,LATENTVIEW,LATENTVIEW.NS,Latent View Analytics Ltd.,EQ,INE0I7C01011,500
Healthcare,LAURUSLABS,LAURUSLABS.NS,Laurus Labs Ltd.,EQ,INE947Q01028,500
Consumer Services,LEMONTREE,LEMONTREE.NS,Lemon Tree Hotels Ltd.,EQ,INE970X01018,500
Financial Services,LICI,LICI.NS,Life Insurance Corporation of India,EQ,INE0J1Y01017,100
Chemicals,LINDEINDIA,LINDEINDIA.NS,Linde India Ltd.,EQ,INE473A01011,500
Metals & Mining,LLOYDSME,LLOYDSME.NS,Lloyds Metals And Energy Ltd.,EQ,INE281B01032,500
Healthcare,LUPIN,LUPIN.NS,Lupin Ltd.,EQ,INE326A01037,500
Services,MMTC,MMTC.NS,MMTC Ltd.,EQ,INE123F01029,500
Automobile and Auto Components,MRF,MRF.NS,MRF Ltd.,EQ,INE883A01011,500
Realty,LODHA,LODHA.NS,Macrotech Developers Ltd.,EQ,INE670K01029,100
Oil Gas & Consumable Fuels,MGL,MGL.NS,Mahanagar Gas Ltd.,EQ,INE002S01010,500
Capital Goods,MAHSEAMLES,MAHSEAMLES.NS,Maharashtra Seamless Ltd.,EQ,INE271B01025,500
Financial Services,M&MFIN,M&MFIN.NS,Mahindra & Mahindra Financial Services Ltd.,EQ,INE774D01024,500
Automobile and Auto Components,M&M,M&M.NS,Mahindra & Mahindra Ltd.,EQ,INE101A01026,50
Financial Services,MANAPPURAM,MANAPPURAM.NS,Manappuram Finance Ltd.,EQ,INE522D01027,500
Oil Gas & Consumable Fuels,MRPL,MRPL.NS,Mangalore Refinery & Petrochemicals Ltd.,EQ,INE103A01014,500
Healthcare,MANKIND,MANKIND.NS,Mankind Pharma Ltd.,EQ,INE634S01028,500
Fast Moving Consumer Goods,MARICO,MARICO.NS,Marico Ltd.,EQ,INE196A01026,500
Automobile and Auto Components,MARUTI,MARUTI.NS,Maruti Suzuki India Ltd.,EQ,INE585B01010,50
Information Technology,MASTEK,MASTEK.NS,Mastek Ltd.,EQ,INE759A01021,500
Financial Services,MFSL,MFSL.NS,Max Financial Services Ltd.,EQ,INE180A01020,500
Healthcare,MAXHEALTH,MAXHEALTH.NS,Max Healthcare Institute Ltd.,EQ,INE027H01010,500
Capital Goods,MAZDOCK,MAZDOCK.NS,Mazagoan Dock Shipbuilders Ltd.,EQ,INE249Z01020,500
Healthcare,METROPOLIS,METROPOLIS.NS,Metropolis Healthcare Ltd.,EQ,INE112L01020,500
Automobile and Auto Components,MINDACORP,MINDACORP.NS,Minda Corporation Ltd.,EQ,INE842C01021,500
Automobile and Auto Components,MSUMI,MSUMI.NS,Motherson Sumi Wiring India Ltd.,EQ,INE0FS801015,500
Financial Services,MOTILALOFS,MOTILALOFS.NS,Motilal Oswal Financial Services Ltd.,EQ,INE338I01027,500
Information Technology,MPHASIS,MPHASIS.NS,MphasiS Ltd.,EQ,INE356A01018,500
Financial Services,MCX,MCX.NS,Multi Commodity Exchange of India Ltd.,EQ,INE745G01035,500
Financial Services,MUTHOOTFIN,MUTHOOTFIN.NS,Muthoot Finance Ltd.,EQ,INE414G01012,500
Healthcare,NATCOPHARM,NATCOPHARM.NS,NATCO Pharma Ltd.,EQ,INE987B01026,500
Construction,NBCC,NBCC.NS,NBCC (India) Ltd.,EQ,INE095N01031,500
Construction,NCC,NCC.NS,NCC Ltd.,EQ,INE868B01028,500
Power,NHPC,NHPC.NS,NHPC Ltd.,EQ,INE848E01016,500
Power,NLCINDIA,NLCINDIA.NS,NLC India Ltd.,EQ,INE589A01014,500
Metals & Mining,NMDC,NMDC.NS,NMDC Ltd.,EQ,INE584A01023,500
Metals & Mining,NSLNISP,NSLNISP.NS,NMDC Steel Ltd.,EQ,INE0NNS01018,500
Power,NTPCGREEN,NTPCGREEN.NS,NTPC Green Energy Ltd.,EQ,INE0ONG01011,500
Power,NTPC,NTPC.NS,NTPC Ltd.,EQ,INE733E01010,50
Healthcare,NH,NH.NS,Narayana Hrudayalaya Ltd.,EQ,INE410P01011,500
Metals & Mining,NATIONALUM,NATIONALUM.NS,National Aluminium Co. Ltd.,EQ,INE139A01034,500
Power,NAVA,NAVA.NS,Nava Ltd.,EQ,INE725A01030,500
Chemicals,NAVINFLUOR,NAVINFLUOR.NS,Navin Fluorine International Ltd.,EQ,INE048G01026,500
Fast Moving Consumer Goods,NESTLEIND,NESTLEIND.NS,Nestle India Ltd.,EQ,INE239A01024,50
Information Technology,NETWEB,NETWEB.NS,Netweb Technologies India Ltd.,EQ,INE0NT901020,500
Media Entertainment & Publication,NETWORK18,NETWORK18.NS,Network18 Media & Investments Ltd.,EQ,INE870H01013,500
Healthcare,NEULANDLAB,NEULANDLAB.NS,Neuland Laboratories Ltd.,EQ,INE794A01010,500
Information Technology,NEWGEN,NEWGEN.NS,Newgen Software Technologies Ltd.,EQ,INE619B01017,500
Financial Services,NAM-INDIA,NAM-INDIA.NS,Nippon Life India Asset Management Ltd.,EQ,INE298J01013,500
Financial Services,NIVABUPA,NIVABUPA.NS,Niva Bupa Health Insurance Company Ltd.,EQ,INE995S01015,500
Financial Services,NUVAMA,NUVAMA.NS,Nuvama Wealth Management Ltd.,EQ,INE531F01015,500
Realty,OBEROIRLTY,OBEROIRLTY.NS,Oberoi Realty Ltd.,EQ,INE093I01010,500
Oil Gas & Consumable Fuels,ONGC,ONGC.NS,Oil & Natural Gas Corporation Ltd.,EQ,INE213A01029,50
Oil Gas & Consumable Fuels,OIL,OIL.NS,Oil India Ltd.,EQ,INE274J01014,500
Automobile and Auto Components,OLAELEC,OLAELEC.NS,Ola Electric Mobility Ltd.,EQ,INE0LXG01040,500
Automobile and Auto Components,OLECTRA,OLECTRA.NS,Olectra Greentech Ltd.,EQ,INE260D01016,500
Financial Services,PAYTM,PAYTM.NS,One 97 Communications Ltd.,EQ,INE982J01020,500
Information Technology,OFSS,OFSS.NS,Oracle Financial Services Software Ltd.,EQ,INE881D01027,500
Financial Services,POLICYBZR,POLICYBZR.NS,PB Fintech Ltd.,EQ,INE417T01026,500
Chemicals,PCBL,PCBL.NS,PCBL Chemical Ltd.,EQ,INE602A01031,500
Consumer Durables,PGEL,PGEL.NS,PG Electroplast Ltd.,EQ,INE457L01029,500
Chemicals,PIIND,PIIND.NS,PI Industries Ltd.,EQ,INE603J01030,500
Financial Services,PNBHOUSING,PNBHOUSING.NS,PNB Housing Finance Ltd.,EQ,INE572E01012,500
Construction,PNCINFRA,PNCINFRA.NS,PNC Infratech Ltd.,EQ,INE195J01029,500
Capital Goods,PTCIL,PTCIL.NS,PTC Industries Ltd.,EQ,INE596F01018,500
Media Entertainment & Publication,PVRINOX,PVRINOX.NS,PVR INOX Ltd.,EQ,INE191H01014,500
Textiles,PAGEIND,PAGEIND.NS,Page Industries Ltd.,EQ,INE761H01022,500
Fast Moving Consumer Goods,PATANJALI,PATANJALI.NS,Patanjali Foods Ltd.,EQ,INE619A01035,500
Information Technology,PERSISTENT,PERSISTENT.NS,Persistent Systems Ltd.,EQ,INE262H01021,500
Oil Gas & Consumable Fuels,PETRONET,PETRONET.NS,Petronet LNG Ltd.,EQ,INE347G01014,500
Healthcare,PFIZER,PFIZER.NS,Pfizer Ltd.,EQ,INE182A01018,500
Realty,PHOENIXLTD,PHOENIXLTD.NS,Phoenix Mills Ltd.,EQ,INE211B01039,500
Chemicals,PIDILITIND,PIDILITIND.NS,Pidilite Industries Ltd.,EQ,INE318A01026,100
Financial Services,PEL,PEL.NS,Piramal Enterprises Ltd.,EQ,INE140A01024,500
Healthcare,PPLPHARMA,PPLPHARMA.NS,Piramal Pharma Ltd.,EQ,INE0DK501011,500
Healthcare,POLYMED,POLYMED.NS,Poly Medicure Ltd.,EQ,INE205C01021,500
Capital Goods,POLYCAB,POLYCAB.NS,Polycab India Ltd.,EQ,INE455K01017,500
Financial Services,POONAWALLA,POONAWALLA.NS,Poonawalla Fincorp Ltd.,EQ,INE511C01022,500
Financial Services,PFC,PFC.NS,Power Finance Corporation Ltd.,EQ,INE134E01011,100
Power,POWERGRID,POWERGRID.NS,Power Grid Corporation of India Ltd.,EQ,INE752E01010,50
Capital Goods,PRAJIND,PRAJIND.NS,Praj Industries Ltd.,EQ,INE074A01025,500
Capital Goods,PREMIERENE,PREMIERENE.NS,Premier Energies Ltd.,EQ,INE0BS701011,500
Realty,PRESTIGE,PRESTIGE.NS,Prestige Estates Projects Ltd.,EQ,INE811K01011,500
Financial Services,PNB,PNB.NS,Punjab National Bank,EQ,INE160A01022,100
Capital Goods,RRKABEL,RRKABEL.NS,R R Kabel Ltd.,EQ,INE777K01022,500
Financial Services,RBLBANK,RBLBANK.NS,RBL Bank Ltd.,EQ,INE976G01028,500
Financial Services,RECLTD,RECLTD.NS,REC Ltd.,EQ,INE020B01018,100
Capital Goods,RHIM,RHIM.NS,RHI MAGNESITA INDIA LTD.,EQ,INE743M01012,500
Construction,RITES,RITES.NS,RITES Ltd.,EQ,INE320J01015,500
Fast Moving Consumer Goods,RADICO,RADICO.NS,Radico Khaitan Ltd,EQ,INE944F01028,500
Construction,RVNL,RVNL.NS,Rail Vikas Nigam Ltd.,EQ,INE415G01027,500
Telecommunication,RAILTEL,RAILTEL.NS,Railtel Corporation Of India Ltd.,EQ,INE0DD101019,500
Healthcare,RAINBOW,RAINBOW.NS,Rainbow Childrens Medicare Ltd.,EQ,INE961O01016,500
Automobile and Auto Components,RKFORGE,RKFORGE.NS,Ramkrishna Forgings Ltd.,EQ,INE399G01023,500
Chemicals,RCF,RCF.NS,Rashtriya Chemicals & Fertilizers Ltd.,EQ,INE027A01015,500
Consumer Services,RTNINDIA,RTNINDIA.NS,RattanIndia Enterprises Ltd.,EQ,INE834M01019,500
Textiles,RAYMONDLSL,RAYMONDLSL.NS,Raymond Lifestyle Ltd.,EQ,INE02ID01020,500
Realty,RAYMOND,RAYMOND.NS,Raymond Ltd.,EQ,INE301A01014,500
Services,REDINGTON,REDINGTON.NS,Redington Ltd.,EQ,INE891D01026,500
Oil Gas & Consumable Fuels,RELIANCE,RELIANCE.NS,Reliance Industries Ltd.,EQ,INE002A01018,50
Power,RPOWER,RPOWER.NS,Reliance Power Ltd.,EQ,INE614G01033,500
Telecommunication,ROUTE,ROUTE.NS,Route Mobile Ltd.,EQ,INE450U01017,500
Financial Services,SBFC,SBFC.NS,SBFC Finance Ltd.,EQ,INE423Y01016,500
Financial Services,SBICARD,SBICARD.NS,SBI Cards and Payment Services Ltd.,EQ,INE018E01016,500
Financial Services,SBILIFE,SBILIFE.NS,SBI Life Insurance Company Ltd.,EQ,INE123W01016,50
Power,SJVN,SJVN.NS,SJVN Ltd.,EQ,INE002L01015,500
Capital Goods,SKFINDIA,SKFINDIA.NS,SKF India Ltd.,EQ,INE640A01023,500
Chemicals,SRF,SRF.NS,SRF Ltd.,EQ,INE647A01010,500
Information Technology,SAGILITY,SAGILITY.NS,Sagility India Ltd.,EQ,INE0W2G01015,500
Healthcare,SAILIFE,SAILIFE.NS,Sai Life Sciences Ltd.,EQ,INE570L01029,500
Financial Services,SAMMAANCAP,SAMMAANCAP.NS,Sammaan Capital Ltd.,EQ,INE148I01020,500
Automobile and Auto Components,MOTHERSON,MOTHERSON.NS,Samvardhana Motherson International Ltd.,EQ,INE775A01035,100
Consumer Services,SAPPHIRE,SAPPHIRE.NS,Sapphire Foods India Ltd.,EQ,INE806T01020,500
Metals & Mining,SARDAEN,SARDAEN.NS,Sarda Energy and Minerals Ltd.,EQ,INE385C01021,500
Media Entertainment & Publication,SAREGAMA,SAREGAMA.NS,Saregama India Ltd,EQ,INE979A01025,500
Automobile and Auto Components,SCHAEFFLER,SCHAEFFLER.NS,Schaeffler India Ltd.,EQ,INE513A01022,500
Capital Goods,SCHNEIDER,SCHNEIDER.NS,Schneider Electric Infrastructure Ltd.,EQ,INE839M01018,500
Services,SCI,SCI.NS,Shipping Corporation of India Ltd.,EQ,INE109A01011,500
Construction Materials,SHREECEM,SHREECEM.NS,Shree Cement Ltd.,EQ,INE070A01015,100
Fast Moving Consumer Goods,RENUKA,RENUKA.NS,Shree Renuka Sugars Ltd.,EQ,INE087H01022,500
Financial Services,SHRIRAMFIN,SHRIRAMFIN.NS,Shriram Finance Ltd.,EQ,INE721A01047,50
Capital Goods,SHYAMMETL,SHYAMMETL.NS,Shyam Metalics and Energy Ltd.,EQ,INE810G01011,500
Capital Goods,SIEMENS,SIEMENS.NS,Siemens Ltd.,EQ,INE003A01024,100
Realty,SIGNATURE,SIGNATURE.NS,Signatureglobal (India) Ltd.,EQ,INE903U01023,500
Realty,SOBHA,SOBHA.NS,Sobha Ltd.,EQ,INE671H01015,500
Chemicals,SOLARINDS,SOLARINDS.NS,Solar Industries India Ltd.,EQ,INE343H01029,500
Automobile and Auto Components,SONACOMS,SONACOMS.NS,Sona BLW Precision Forgings Ltd.,EQ,INE073K01018,500
Information Technology,SONATSOFTW,SONATSOFTW.NS,Sonata Software Ltd.,EQ,INE269A01021,500
Financial Services,STARHEALTH,STARHEALTH.NS,Star Health and Allied Insurance Company Ltd.,EQ,INE575P01011,500
Financial Services,SBIN,SBIN.NS,State Bank of India,EQ,INE062A01020,50
Metals & Mining,SAIL,SAIL.NS,Steel Authority of India Ltd.,EQ,INE114A01011,500
Construction,SWSOLAR,SWSOLAR.NS,Sterling and Wilson Renewable Energy Ltd.,EQ,INE00M201021,500
Chemicals,SUMICHEM,SUMICHEM.NS,Sumitomo Chemical India Ltd.,EQ,INE258G01013,500
Healthcare,SUNPHARMA,SUNPHARMA.NS,Sun Pharmaceutical Industries Ltd.,EQ,INE044A01036,50
Media Entertainment & Publication,SUNTV,SUNTV.NS,Sun TV Network Ltd.,EQ,INE424H01027,500
Financial Services,SUNDARMFIN,SUNDARMFIN.NS,Sundaram Finance Ltd.,EQ,INE660A01013,500
Automobile and Auto Components,SUNDRMFAST,SUNDRMFAST.NS,Sundram Fasteners Ltd.,EQ,INE387A01021,500
Capital Goods,SUPREMEIND,SUPREMEIND.NS,Supreme Industries Ltd.,EQ,INE195A01028,500
Healthcare,SUVENPHAR,SUVENPHAR.NS,Suven Pharmaceuticals Ltd.,EQ,INE03QK01018,500
Capital Goods,SUZLON,SUZLON.NS,Suzlon Energy Ltd.,EQ,INE040H01021,500
Chemicals,SWANENERGY,SWANENERGY.NS,Swan Energy Ltd.,EQ,INE665A01038,500
Consumer Services,SWIGGY,SWIGGY.NS,Swiggy Ltd.,EQ,INE00H001014,100
Healthcare,SYNGENE,SYNGENE.NS,Syngene International Ltd.,EQ,INE398R01022,500
Capital Goods,SYRMA,SYRMA.NS,Syrma SGS Technology Ltd.,EQ,INE0DYJ01015,500
Consumer Services,TBOTEK,TBOTEK.NS,TBO Tek Ltd.,EQ,INE673O01025,500
Automobile and Auto Components,TVSMOTOR,TVSMOTOR.NS,TVS Motor Company Ltd.,EQ,INE494B01023,100
Information Technology,TANLA,TANLA.NS,Tanla Platforms Ltd.,EQ,INE483C01032,500
Chemicals,TATACHEM,TATACHEM.NS,Tata Chemicals Ltd.,EQ,INE092A01019,500
Telecommunication,TATACOMM,TATACOMM.NS,Tata Communications Ltd.,EQ,INE151A01013,500
Information Technology,TCS,TCS.NS,Tata Consultancy Services Ltd.,EQ,INE467B01029,50
Fast Moving Consumer Goods,TATACONSUM,TATACONSUM.NS,Tata Consumer Products Ltd.,EQ,INE192A01025,50
Information Technology,TATAELXSI,TATAELXSI.NS,Tata Elxsi Ltd.,EQ,INE670A01012,500
Financial Services,TATAINVEST,TATAINVEST.NS,Tata Investment Corporation Ltd.,EQ,INE672A01018,500
Automobile and Auto Components,TATAMOTORS,TATAMOTORS.NS,Tata Motors Ltd.,EQ,INE155A01022,50
Power,TATAPOWER,TATAPOWER.NS,Tata Power Co. Ltd.,EQ,INE245A01021,100
Metals & Mining,TATASTEEL,TATASTEEL.NS,Tata Steel Ltd.,EQ,INE081A01020,50
Information Technology,TATATECH,TATATECH.NS,Tata Technologies Ltd.,EQ,INE142M01025,500
Telecommunication,TTML,TTML.NS,Tata Teleservices (Maharashtra) Ltd.,EQ,INE517B01013,500
Information Technology,TECHM,TECHM.NS,Tech Mahindra Ltd.,EQ,INE669C01036,50
Construction,TECHNOE,TECHNOE.NS,Techno Electric & Engineering Company Ltd.,EQ,INE285K01026,500
Telecommunication,TEJASNET,TEJASNET.NS,Tejas Networks Ltd.,EQ,INE010J01012,500
Financial Services,NIACL,NIACL.NS,The New India Assurance Company Ltd.,EQ,INE470Y01017,500
Construction Materials,RAMCOCEM,RAMCOCEM.NS,The Ramco Cements Ltd.,EQ,INE331A01037,500
Capital Goods,THERMAX,THERMAX.NS,Thermax Ltd.,EQ,INE152A01029,500
Capital Goods,TIMKEN,TIMKEN.NS,Timken India Ltd.,EQ,INE325A01013,500
Capital Goods,TITAGARH,TITAGARH.NS,Titagarh Rail Systems Ltd.,EQ,INE615H01020,500
Consumer Durables,TITAN,TITAN.NS,Titan Company Ltd.,EQ,INE280A01028,50
Healthcare,TORNTPHARM,TORNTPHARM.NS,Torrent Pharmaceuticals Ltd.,EQ,INE685A01028,100
Power,TORNTPOWER,TORNTPOWER.NS,Torrent Power Ltd.,EQ,INE813H01021,500
Capital Goods,TARIL,TARIL.NS,Transformers And Rectifiers (India) Ltd.,EQ,INE763I01026,500
Consumer Services,TRENT,TRENT.NS,Trent Ltd.,EQ,INE849A01020,50
Textiles,TRIDENT,TRIDENT.NS,Trident Ltd.,EQ,INE064C01022,500
Fast Moving Consumer Goods,TRIVENI,TRIVENI.NS,Triveni Engineering & Industries Ltd.,EQ,INE256C01024,500
Capital Goods,TRITURBINE,TRITURBINE.NS,Triveni Turbine Ltd.,EQ,INE152M01016,500
Automobile and Auto Components,TIINDIA,TIINDIA.NS,Tube Investments of India Ltd.,EQ,INE974X01010,500
Financial Services,UCOBANK,UCOBANK.NS,UCO Bank,EQ,INE691A01018,500
Automobile and Auto Components,UNOMINDA,UNOMINDA.NS,UNO Minda Ltd.,EQ,INE405E01023,500
Chemicals,UPL,UPL.NS,UPL Ltd.,EQ,INE628A01036,500
Financial Services,UTIAMC,UTIAMC.NS,UTI Asset Management Company Ltd.,EQ,INE094J01016,500
Construction Materials,ULTRACEMCO,ULTRACEMCO.NS,UltraTech Cement Ltd.,EQ,INE481G01011,50
Financial Services,UNIONBANK,UNIONBANK.NS,Union Bank of India,EQ,INE692A01016,500
Fast Moving Consumer Goods,UBL,UBL.NS,United Breweries Ltd.,EQ,INE686F01025,500
Fast Moving Consumer Goods,UNITDSPR,UNITDSPR.NS,United Spirits Ltd.,EQ,INE854D01024,100
Capital Goods,USHAMART,USHAMART.NS,Usha Martin Ltd.,EQ,INE228A01035,500
Consumer Durables,VGUARD,VGUARD.NS,V-Guard Industries Ltd.,EQ,INE951I01027,500
Consumer Services,DBREALTY,DBREALTY.NS,Valor Estate Ltd.,EQ,INE879I01012,500
Textiles,VTL,VTL.NS,Vardhman Textiles Ltd.,EQ,INE825A01020,500
Fast Moving Consumer Goods,VBL,VBL.NS,Varun Beverages Ltd.,EQ,INE200M01039,100
Consumer Services,MANYAVAR,MANYAVAR.NS,Vedant Fashions Ltd.,EQ,INE825V01034,500
Metals & Mining,VEDL,VEDL.NS,Vedanta Ltd.,EQ,INE205A01025,100
Healthcare,VIJAYA,VIJAYA.NS,Vijaya Diagnostic Centre Ltd.,EQ,INE043W01024,500
Consumer Services,VMM,VMM.NS,Vishal Mega Mart Ltd.,EQ,INE01EA01019,500
Telecommunication,IDEA,IDEA.NS,Vodafone Idea Ltd.,EQ,INE669E01016,500
Consumer Durables,VOLTAS,VOLTAS.NS,Voltas Ltd.,EQ,INE226A01021,500
Capital Goods,WAAREEENER,WAAREEENER.NS,Waaree Energies Ltd.,EQ,INE377N01017,500
Capital Goods,WELCORP,WELCORP.NS,Welspun Corp Ltd.,EQ,INE191B01025,500
Textiles,WELSPUNLIV,WELSPUNLIV.NS,Welspun Living Ltd.,EQ,INE192B01031,500
Consumer Services,WESTLIFE,WESTLIFE.NS,Westlife Foodworld Ltd.,EQ,INE274F01020,500
Consumer Durables,WHIRLPOOL,WHIRLPOOL.NS,Whirlpool of India Ltd.,EQ,INE716A01013,500
Information Technology,WIPRO,WIPRO.NS,Wipro Ltd.,EQ,INE075A01022,50
Healthcare,WOCKPHARMA,WOCKPHARMA.NS,Wockhardt Ltd.,EQ,INE049B01025,500
Financial Services,YESBANK,YESBANK.NS,Yes Bank Ltd.,EQ,INE528G01035,500
Automobile and Auto Components,ZFCVINDIA,ZFCVINDIA.NS,ZF Commercial Vehicle Control Systems India Ltd.,EQ,INE342J01019,500
Media Entertainment & Publication,ZEEL,ZEEL.NS,Zee Entertainment Enterprises Ltd.,EQ,INE256A01028,500
Capital Goods,ZENTEC,ZENTEC.NS,Zen Technologies Ltd.,EQ,INE251B01027,500
Information Technology,ZENSARTECH,ZENSARTECH.NS,Zensar Technolgies Ltd.,EQ,INE520A01027,500
Healthcare,ZYDUSLIFE,ZYDUSLIFE.NS,Zydus Lifesciences Ltd.,EQ,INE010B01027,100
Services,ECLERX,ECLERX.NS,eClerx Services Ltd.,EQ,INE738I01010,500
